timestamp,temperature,humidity,soil_moisture,co2,light
2025-09-01 00:00:00,22.25,75.31,48.2,438.89,0.0
2025-09-01 01:00:00,22.14,73.03,48.38,454.21,52.41
2025-09-01 02:00:00,22.74,73.13,48.11,458.48,104.67
2025-09-01 03:00:00,23.39,74.96,47.69,466.64,156.65
2025-09-01 04:00:00,22.72,74.12,48.22,472.79,208.2
2025-09-01 05:00:00,22.93,73.51,47.94,448.58,259.17
2025-09-01 06:00:00,24.04,73.45,48.0,452.36,309.43
2025-09-01 07:00:00,23.84,73.52,48.36,449.63,358.84
2025-09-01 08:00:00,23.43,72.38,48.58,461.6,407.27
2025-09-01 09:00:00,24.14,71.88,48.24,470.33,454.57
2025-09-01 10:00:00,23.84,72.6,48.35,477.26,500.63
2025-09-01 11:00:00,24.04,71.18,48.8,468.35,545.31
2025-09-01 12:00:00,24.6,72.31,48.39,467.62,588.49
2025-09-01 13:00:00,23.72,69.95,49.12,474.04,630.06
2025-09-01 14:00:00,24.01,72.44,48.53,465.87,669.89
2025-09-01 15:00:00,24.78,71.64,47.86,496.81,707.88
2025-09-01 16:00:00,24.75,71.18,48.64,461.52,743.92
2025-09-01 17:00:00,25.61,71.67,48.56,481.12,777.92
2025-09-01 18:00:00,25.18,72.12,48.85,501.18,809.79
2025-09-01 19:00:00,25.12,71.24,48.69,482.67,839.42
2025-09-01 20:00:00,26.74,68.15,48.48,482.35,866.75
2025-09-01 21:00:00,26.07,68.49,48.18,482.31,891.7
2025-09-01 22:00:00,26.4,68.92,48.51,485.71,914.2
2025-09-01 23:00:00,25.82,69.36,48.34,502.85,934.18
2025-09-02 00:00:00,26.44,69.63,48.44,468.61,951.6
2025-09-02 01:00:00,26.93,68.18,48.82,507.65,966.4
2025-09-02 02:00:00,26.46,68.89,49.17,479.65,978.54
2025-09-02 03:00:00,27.39,67.74,48.81,492.79,987.99
2025-09-02 04:00:00,27.06,67.69,48.36,492.71,994.73
2025-09-02 05:00:00,27.37,66.7,48.88,504.43,998.74
2025-09-02 06:00:00,27.36,67.0,49.13,484.08,1000.0
2025-09-02 07:00:00,28.74,66.39,48.61,506.19,998.51
2025-09-02 08:00:00,27.94,66.58,48.77,523.3,994.28
2025-09-02 09:00:00,27.56,68.44,48.84,490.9,987.31
2025-09-02 10:00:00,28.63,66.27,48.63,507.88,977.63
2025-09-02 11:00:00,27.74,69.69,49.08,500.81,965.26
2025-09-02 12:00:00,28.58,67.4,48.87,513.11,950.24
2025-09-02 13:00:00,27.62,66.94,49.06,510.44,932.61
2025-09-02 14:00:00,28.05,65.75,48.69,505.22,912.42
2025-09-02 15:00:00,28.93,67.17,48.85,517.88,889.71
2025-09-02 16:00:00,29.3,65.76,49.22,532.4,864.57
2025-09-02 17:00:00,29.12,66.33,48.91,513.77,837.04
2025-09-02 18:00:00,29.08,68.64,49.56,524.19,807.22
2025-09-02 19:00:00,29.08,65.87,48.95,505.34,775.17
2025-09-02 20:00:00,28.57,67.01,49.16,509.98,741.0
2025-09-02 21:00:00,29.04,65.05,49.39,525.51,704.79
2025-09-02 22:00:00,29.24,65.62,48.71,536.85,666.64
2025-09-02 23:00:00,30.07,67.34,48.63,526.77,626.66
2025-09-03 00:00:00,29.78,64.86,48.72,521.26,584.95
2025-09-03 01:00:00,28.79,67.22,49.58,525.54,541.64
2025-09-03 02:00:00,29.89,66.04,49.05,514.18,496.84
2025-09-03 03:00:00,29.59,64.71,50.01,533.84,450.68
2025-09-03 04:00:00,29.49,65.85,49.09,537.7,403.27
2025-09-03 05:00:00,30.17,66.14,49.34,525.42,354.76
2025-09-03 06:00:00,30.42,65.74,49.76,526.28,305.27
2025-09-03 07:00:00,30.4,63.51,49.92,534.65,254.95
2025-09-03 08:00:00,29.54,64.33,49.96,528.61,203.92
2025-09-03 09:00:00,29.82,64.78,49.72,533.28,152.33
2025-09-03 10:00:00,30.16,64.94,49.69,555.88,100.33
2025-09-03 11:00:00,30.49,65.62,49.57,533.32,48.04
2025-09-03 12:00:00,29.76,65.18,49.65,533.09,0.0
2025-09-03 13:00:00,29.9,63.67,49.27,531.06,0.0
2025-09-03 14:00:00,29.43,65.4,49.21,545.81,0.0
2025-09-03 15:00:00,29.38,65.64,49.47,537.36,0.0
2025-09-03 16:00:00,30.36,65.62,49.44,533.45,0.0
2025-09-03 17:00:00,30.61,66.17,49.37,553.91,0.0
2025-09-03 18:00:00,29.86,65.96,49.73,555.62,0.0
2025-09-03 19:00:00,30.36,65.63,49.83,536.11,0.0
2025-09-03 20:00:00,30.0,65.15,49.58,524.11,0.0
2025-09-03 21:00:00,29.45,63.62,50.02,553.49,0.0
2025-09-03 22:00:00,29.9,65.78,49.25,537.18,0.0
2025-09-03 23:00:00,30.43,65.63,49.55,552.51,0.0
2025-09-04 00:00:00,29.58,65.77,49.4,525.46,0.0
2025-09-04 01:00:00,30.32,64.31,49.07,554.61,0.0
2025-09-04 02:00:00,28.15,64.59,49.62,534.06,0.0
2025-09-04 03:00:00,29.79,66.82,49.63,553.95,0.0
2025-09-04 04:00:00,29.34,65.84,50.13,547.22,0.0
2025-09-04 05:00:00,29.06,66.67,49.88,537.94,0.0
2025-09-04 06:00:00,29.16,66.13,49.4,543.78,0.0
2025-09-04 07:00:00,28.03,66.26,50.28,555.06,0.0
2025-09-04 08:00:00,28.81,67.29,50.1,549.57,0.0
2025-09-04 09:00:00,28.99,65.97,49.92,554.64,0.0
2025-09-04 10:00:00,29.44,66.73,49.69,568.82,0.0
2025-09-04 11:00:00,28.32,66.31,49.48,533.64,0.0
2025-09-04 12:00:00,28.05,66.49,49.67,565.65,0.0
2025-09-04 13:00:00,28.08,66.78,50.12,550.68,0.0
2025-09-04 14:00:00,28.66,67.47,50.37,540.78,0.0
2025-09-04 15:00:00,28.23,66.94,50.28,536.57,0.0
2025-09-04 16:00:00,27.66,68.85,49.68,548.06,0.0
2025-09-04 17:00:00,28.04,66.87,49.5,559.2,0.0
2025-09-04 18:00:00,27.69,67.77,49.89,548.72,0.0
2025-09-04 19:00:00,27.97,67.7,49.33,565.09,0.0
2025-09-04 20:00:00,26.98,69.78,49.97,535.42,0.0
2025-09-04 21:00:00,27.01,68.73,49.83,549.73,0.0
2025-09-04 22:00:00,26.82,69.77,49.75,537.22,0.0
2025-09-04 23:00:00,26.12,67.45,49.42,553.24,0.0
2025-09-05 00:00:00,26.83,69.42,50.06,558.3,0.0
2025-09-05 01:00:00,26.64,70.25,49.75,545.02,0.0
2025-09-05 02:00:00,26.34,69.67,49.57,522.95,0.0
2025-09-05 03:00:00,26.04,70.87,49.06,550.72,0.0
2025-09-05 04:00:00,25.27,69.51,49.92,552.81,0.0
2025-09-05 05:00:00,25.58,71.67,50.47,552.16,0.0
2025-09-05 06:00:00,25.43,72.79,50.44,560.12,0.0
2025-09-05 07:00:00,25.02,70.37,49.81,536.67,0.0
2025-09-05 08:00:00,25.15,70.52,49.78,553.77,0.0
2025-09-05 09:00:00,25.24,72.66,50.1,558.45,0.0
2025-09-05 10:00:00,25.78,73.03,49.67,528.27,0.0
2025-09-05 11:00:00,24.73,71.18,50.06,548.75,0.0
2025-09-05 12:00:00,24.57,71.53,50.21,539.98,0.0
2025-09-05 13:00:00,24.2,71.92,50.35,543.65,0.0
2025-09-05 14:00:00,23.08,71.11,49.95,547.35,0.0
2025-09-05 15:00:00,23.82,71.79,49.93,538.39,0.0
2025-09-05 16:00:00,23.66,71.96,49.73,535.86,0.0
2025-09-05 17:00:00,24.66,72.45,49.74,542.28,0.0
2025-09-05 18:00:00,23.12,73.44,49.93,530.37,0.0
2025-09-05 19:00:00,23.16,73.97,50.11,529.65,0.0
2025-09-05 20:00:00,22.79,75.55,50.27,546.55,0.0
2025-09-05 21:00:00,22.01,73.26,49.76,527.48,0.0
2025-09-05 22:00:00,22.96,75.5,50.45,544.82,0.0
2025-09-05 23:00:00,22.55,74.57,49.92,541.95,0.0
2025-09-06 00:00:00,22.36,74.99,49.99,519.2,8.74
2025-09-06 01:00:00,21.3,75.98,49.78,528.79,61.13
2025-09-06 02:00:00,22.25,74.44,49.27,546.59,113.36
2025-09-06 03:00:00,20.64,76.21,50.26,523.89,165.28
2025-09-06 04:00:00,21.42,76.26,50.22,528.09,216.74
2025-09-06 05:00:00,22.01,76.84,49.91,536.36,267.6
2025-09-06 06:00:00,20.22,76.9,50.01,538.56,317.73
2025-09-06 07:00:00,20.22,79.32,50.15,527.16,366.99
2025-09-06 08:00:00,20.35,76.49,49.52,522.63,415.23
2025-09-06 09:00:00,19.84,76.85,49.83,541.74,462.34
2025-09-06 10:00:00,19.12,77.01,50.22,543.79,508.18
2025-09-06 11:00:00,19.73,77.33,49.6,535.05,552.61
2025-09-06 12:00:00,18.96,77.5,50.06,524.95,595.53
2025-09-06 13:00:00,19.53,79.57,49.56,514.83,636.82
2025-09-06 14:00:00,18.64,80.05,50.11,513.4,676.35
2025-09-06 15:00:00,19.68,78.3,49.95,525.7,714.02
2025-09-06 16:00:00,18.32,78.28,49.47,523.41,749.74
2025-09-06 17:00:00,18.36,79.82,50.3,531.97,783.39
2025-09-06 18:00:00,18.74,79.03,49.72,523.17,814.88
2025-09-06 19:00:00,17.53,80.45,49.69,500.32,844.14
2025-09-06 20:00:00,18.08,80.25,49.99,524.54,871.08
2025-09-06 21:00:00,18.44,78.75,50.27,502.69,895.62
2025-09-06 22:00:00,16.8,82.04,49.61,507.45,917.7
2025-09-06 23:00:00,17.53,82.5,49.93,512.41,937.26
2025-09-07 00:00:00,17.39,80.31,50.03,528.45,954.24
2025-09-07 01:00:00,17.49,80.74,50.1,538.17,968.6
2025-09-07 02:00:00,16.31,81.62,49.94,511.69,980.3
2025-09-07 03:00:00,16.11,81.87,49.76,502.33,989.31
2025-09-07 04:00:00,16.88,82.39,49.62,508.03,995.59
2025-09-07 05:00:00,16.61,83.93,49.88,510.07,999.14
2025-09-07 06:00:00,16.44,81.93,49.52,496.48,999.94
2025-09-07 07:00:00,16.34,81.49,48.96,516.11,997.99
2025-09-07 08:00:00,15.69,81.09,49.96,498.92,993.3
2025-09-07 09:00:00,16.0,81.91,50.09,500.05,985.88
2025-09-07 10:00:00,15.9,82.77,49.09,500.16,975.75
2025-09-07 11:00:00,15.27,84.76,49.49,496.14,962.94
2025-09-07 12:00:00,16.43,82.61,49.97,498.72,947.48
2025-09-07 13:00:00,15.62,83.5,50.38,482.55,929.42
2025-09-07 14:00:00,14.67,83.4,49.76,481.52,908.81
2025-09-07 15:00:00,15.48,84.74,49.52,474.47,885.69
2025-09-07 16:00:00,14.56,86.22,49.67,488.23,860.14
2025-09-07 17:00:00,15.34,83.29,50.13,489.98,832.23
2025-09-07 18:00:00,15.43,83.45,49.51,485.11,802.03
2025-09-07 19:00:00,14.35,85.1,49.45,495.6,769.62
2025-09-07 20:00:00,15.15,84.84,49.53,477.12,735.1
2025-09-07 21:00:00,14.8,86.11,49.37,482.18,698.56
2025-09-07 22:00:00,14.93,84.94,49.68,462.88,660.1
2025-09-07 23:00:00,15.39,84.09,50.12,468.23,619.82
2025-09-08 00:00:00,14.25,85.12,49.71,477.35,577.84
2025-09-08 01:00:00,13.94,85.71,49.52,477.17,534.28
2025-09-08 02:00:00,13.82,85.5,49.5,464.02,489.24
2025-09-08 03:00:00,13.8,85.25,49.1,464.52,442.86
2025-09-08 04:00:00,14.13,85.86,49.82,448.32,395.26
2025-09-08 05:00:00,14.3,86.01,49.51,458.2,346.58
2025-09-08 06:00:00,14.23,86.27,49.46,468.94,296.94
2025-09-08 07:00:00,14.48,85.57,50.46,464.04,246.49
2025-09-08 08:00:00,14.05,84.78,49.57,461.56,195.36
2025-09-08 09:00:00,14.75,85.12,49.24,455.3,143.69
2025-09-08 10:00:00,13.88,86.2,49.32,453.13,91.63
2025-09-08 11:00:00,15.36,84.18,49.77,444.71,39.31
2025-09-08 12:00:00,14.31,85.37,49.44,456.55,0.0
2025-09-08 13:00:00,13.58,84.6,48.96,452.03,0.0
2025-09-08 14:00:00,13.48,85.01,49.65,450.99,0.0
2025-09-08 15:00:00,14.27,86.24,49.15,439.06,0.0
2025-09-08 16:00:00,13.94,85.13,49.9,421.05,0.0
2025-09-08 17:00:00,14.43,84.95,49.64,451.81,0.0
2025-09-08 18:00:00,14.34,83.51,49.16,434.31,0.0
2025-09-08 19:00:00,14.11,85.57,49.66,428.73,0.0
2025-09-08 20:00:00,13.76,85.41,49.27,442.57,0.0
2025-09-08 21:00:00,13.48,86.87,49.49,429.98,0.0
2025-09-08 22:00:00,14.06,84.33,49.36,442.78,0.0
2025-09-08 23:00:00,14.77,84.79,48.94,436.63,0.0
2025-09-09 00:00:00,14.52,84.74,48.98,435.59,0.0
2025-09-09 01:00:00,13.85,85.98,49.46,413.39,0.0
2025-09-09 02:00:00,14.64,84.21,49.03,437.47,0.0
2025-09-09 03:00:00,14.82,84.49,48.98,426.27,0.0
2025-09-09 04:00:00,14.27,84.71,48.8,418.29,0.0
2025-09-09 05:00:00,14.88,84.18,49.19,421.74,0.0
2025-09-09 06:00:00,14.93,83.43,49.66,400.88,0.0
2025-09-09 07:00:00,14.43,83.95,48.7,421.07,0.0
2025-09-09 08:00:00,15.28,84.7,49.0,405.05,0.0
2025-09-09 09:00:00,15.49,82.46,49.39,400.18,0.0
2025-09-09 10:00:00,15.86,83.48,48.92,396.86,0.0
2025-09-09 11:00:00,15.97,82.5,49.06,421.6,0.0
2025-09-09 12:00:00,14.87,84.24,48.58,402.58,0.0
2025-09-09 13:00:00,15.22,81.36,49.01,422.62,0.0
2025-09-09 14:00:00,16.08,82.17,48.8,400.36,0.0
2025-09-09 15:00:00,16.21,82.93,49.13,387.08,0.0
2025-09-09 16:00:00,16.35,83.95,49.16,391.44,0.0
2025-09-09 17:00:00,18.17,82.14,49.56,413.43,0.0
2025-09-09 18:00:00,16.67,81.46,48.93,398.0,0.0
2025-09-09 19:00:00,17.11,83.71,48.83,392.57,0.0
2025-09-09 20:00:00,17.17,80.19,48.77,398.17,0.0
2025-09-09 21:00:00,17.18,79.24,48.58,400.12,0.0
2025-09-09 22:00:00,16.86,81.67,48.76,404.82,0.0
2025-09-09 23:00:00,17.56,80.52,48.55,406.7,0.0
2025-09-10 00:00:00,16.96,79.79,48.66,387.2,0.0
2025-09-10 01:00:00,17.4,81.31,48.98,376.14,0.0
2025-09-10 02:00:00,17.45,80.62,48.26,383.88,0.0
2025-09-10 03:00:00,17.92,79.59,48.88,389.26,0.0
2025-09-10 04:00:00,19.21,78.65,48.91,375.68,0.0
2025-09-10 05:00:00,17.31,80.57,48.45,374.42,0.0
2025-09-10 06:00:00,18.77,80.12,47.82,386.13,0.0
2025-09-10 07:00:00,17.81,79.13,48.25,380.92,0.0
2025-09-10 08:00:00,18.57,80.84,48.8,380.47,0.0
2025-09-10 09:00:00,19.54,77.68,48.38,371.32,0.0
2025-09-10 10:00:00,19.23,76.98,48.06,375.38,0.0
2025-09-10 11:00:00,18.85,77.57,48.18,367.25,0.0
2025-09-10 12:00:00,19.23,77.97,48.56,384.22,0.0
2025-09-10 13:00:00,20.13,78.0,48.44,384.52,0.0
2025-09-10 14:00:00,19.63,77.27,48.18,354.58,0.0
2025-09-10 15:00:00,20.31,77.6,48.12,362.64,0.0
2025-09-10 16:00:00,20.43,75.74,48.08,355.89,0.0
2025-09-10 17:00:00,20.28,78.18,47.9,363.3,0.0
2025-09-10 18:00:00,21.89,76.4,48.63,367.93,0.0
2025-09-10 19:00:00,21.34,77.34,48.03,353.26,0.0
2025-09-10 20:00:00,20.22,76.3,48.46,357.56,0.0
2025-09-10 21:00:00,21.53,76.16,48.53,355.78,0.0
2025-09-10 22:00:00,21.32,76.01,48.34,366.96,0.0
2025-09-10 23:00:00,22.29,75.62,47.89,364.68,0.0
2025-09-11 00:00:00,21.67,75.56,48.11,355.89,17.48
2025-09-11 01:00:00,22.22,75.98,47.96,364.02,69.85
2025-09-11 02:00:00,22.74,74.59,47.67,355.96,122.04
2025-09-11 03:00:00,23.13,74.84,48.01,357.92,173.89
2025-09-11 04:00:00,22.31,73.78,47.53,376.6,225.26
2025-09-11 05:00:00,22.95,75.05,48.22,372.52,276.01
2025-09-11 06:00:00,23.08,72.67,47.69,345.41,326.0
2025-09-11 07:00:00,23.2,74.89,47.87,366.01,375.1
2025-09-11 08:00:00,24.62,72.79,47.87,365.17,423.17
2025-09-11 09:00:00,24.14,71.15,47.68,344.94,470.07
2025-09-11 10:00:00,23.51,72.45,47.91,364.01,515.68
2025-09-11 11:00:00,24.8,71.39,47.56,370.63,559.88
2025-09-11 12:00:00,25.6,72.66,47.94,343.48,602.53
2025-09-11 13:00:00,25.26,70.92,47.25,345.02,643.53
2025-09-11 14:00:00,24.18,70.88,47.66,363.88,682.76
2025-09-11 15:00:00,24.89,69.2,48.18,355.96,720.12
2025-09-11 16:00:00,25.96,70.4,47.27,358.34,755.49
2025-09-11 17:00:00,25.16,68.19,47.35,355.83,788.79
2025-09-11 18:00:00,25.92,68.79,47.68,355.96,819.92
2025-09-11 19:00:00,26.27,70.91,47.55,338.45,848.79
2025-09-11 20:00:00,25.6,70.7,47.58,361.88,875.34
2025-09-11 21:00:00,26.21,70.12,47.59,362.83,899.47
2025-09-11 22:00:00,24.8,68.51,47.61,348.59,921.14
2025-09-11 23:00:00,26.08,69.21,47.73,350.23,940.27
2025-09-12 00:00:00,26.64,69.04,47.5,335.17,956.82
2025-09-12 01:00:00,26.31,67.68,47.28,355.47,970.74
2025-09-12 02:00:00,27.91,70.14,47.53,355.92,981.99
2025-09-12 03:00:00,26.54,69.31,47.87,349.48,990.54
2025-09-12 04:00:00,27.19,68.02,47.23,361.28,996.37
2025-09-12 05:00:00,27.63,68.07,46.96,346.67,999.46
2025-09-12 06:00:00,28.43,68.07,47.56,355.65,999.81
2025-09-12 07:00:00,27.14,65.64,47.17,339.83,997.4
2025-09-12 08:00:00,28.58,67.26,46.53,349.85,992.26
2025-09-12 09:00:00,28.14,66.65,47.41,348.43,984.38
2025-09-12 10:00:00,27.78,66.16,46.97,352.55,973.8
2025-09-12 11:00:00,28.63,66.72,47.08,346.75,960.55
2025-09-12 12:00:00,28.62,68.65,47.18,349.31,944.65
2025-09-12 13:00:00,28.34,67.34,47.12,359.09,926.16
2025-09-12 14:00:00,28.79,65.99,47.25,346.7,905.12
2025-09-12 15:00:00,28.67,66.99,46.88,335.27,881.6
2025-09-12 16:00:00,29.03,67.69,47.15,369.14,855.65
2025-09-12 17:00:00,29.4,67.09,46.89,365.78,827.35
2025-09-12 18:00:00,29.96,66.1,47.17,339.41,796.78
2025-09-12 19:00:00,28.64,65.28,47.11,359.62,764.01
2025-09-12 20:00:00,30.41,66.52,46.62,348.11,729.15
2025-09-12 21:00:00,28.45,66.12,47.21,356.22,692.28
2025-09-12 22:00:00,29.42,66.52,46.7,357.01,653.51
2025-09-12 23:00:00,29.86,66.17,47.08,352.23,612.94
2025-09-13 00:00:00,29.77,66.51,46.93,347.28,570.69
2025-09-13 01:00:00,29.38,64.85,47.35,348.77,526.87
2025-09-13 02:00:00,29.64,66.63,46.71,347.11,481.6
2025-09-13 03:00:00,29.55,65.45,46.65,348.58,435.01
2025-09-13 04:00:00,29.55,67.27,46.73,356.88,387.22
2025-09-13 05:00:00,30.31,64.46,46.62,351.07,338.37
2025-09-13 06:00:00,30.09,66.84,46.93,365.76,288.59
2025-09-13 07:00:00,29.6,65.27,46.19,374.55,238.01
2025-09-13 08:00:00,30.41,64.39,46.34,354.64,186.78
2025-09-13 09:00:00,30.14,64.54,46.31,363.62,135.04
2025-09-13 10:00:00,30.4,64.69,46.9,367.04,82.92
2025-09-13 11:00:00,30.31,65.43,47.11,367.61,30.58
2025-09-13 12:00:00,29.59,65.52,46.55,364.52,0.0
2025-09-13 13:00:00,29.71,64.43,46.51,372.09,0.0
2025-09-13 14:00:00,30.36,65.0,46.56,370.41,0.0
2025-09-13 15:00:00,30.27,67.18,46.87,354.16,0.0
2025-09-13 16:00:00,29.94,66.79,46.23,376.2,0.0
2025-09-13 17:00:00,29.98,65.54,46.56,377.38,0.0
2025-09-13 18:00:00,30.53,65.18,46.76,361.9,0.0
2025-09-13 19:00:00,29.55,65.31,46.61,370.97,0.0
2025-09-13 20:00:00,30.08,65.86,46.5,378.49,0.0
2025-09-13 21:00:00,29.66,64.28,46.72,370.67,0.0
2025-09-13 22:00:00,29.59,65.11,45.6,384.61,0.0
2025-09-13 23:00:00,30.19,63.78,46.59,398.67,0.0
2025-09-14 00:00:00,29.99,65.92,46.18,368.33,0.0
2025-09-14 01:00:00,29.92,66.26,45.81,363.57,0.0
2025-09-14 02:00:00,30.09,65.22,46.5,381.64,0.0
2025-09-14 03:00:00,29.37,67.38,46.74,387.05,0.0
2025-09-14 04:00:00,29.61,64.69,46.28,378.78,0.0
2025-09-14 05:00:00,29.03,64.56,46.59,396.9,0.0
2025-09-14 06:00:00,29.25,66.37,46.77,370.28,0.0
2025-09-14 07:00:00,28.92,67.31,46.67,391.91,0.0
2025-09-14 08:00:00,28.93,68.08,46.75,380.26,0.0
2025-09-14 09:00:00,29.07,66.08,46.47,404.87,0.0
2025-09-14 10:00:00,28.25,67.76,46.26,408.98,0.0
2025-09-14 11:00:00,29.59,66.79,45.74,382.78,0.0
2025-09-14 12:00:00,27.91,66.81,46.14,386.36,0.0
2025-09-14 13:00:00,27.68,68.02,45.95,401.89,0.0
2025-09-14 14:00:00,28.74,67.96,46.84,390.87,0.0
2025-09-14 15:00:00,28.42,65.9,46.13,395.75,0.0
2025-09-14 16:00:00,28.19,69.13,46.21,397.94,0.0
2025-09-14 17:00:00,28.05,69.21,46.32,379.99,0.0
2025-09-14 18:00:00,27.58,67.39,46.16,400.56,0.0
2025-09-14 19:00:00,26.99,68.6,46.65,395.33,0.0
2025-09-14 20:00:00,27.32,68.89,45.94,398.83,0.0
2025-09-14 21:00:00,26.78,68.86,46.18,419.76,0.0
2025-09-14 22:00:00,27.45,68.25,45.89,394.33,0.0
2025-09-14 23:00:00,26.72,68.34,45.71,416.61,0.0
2025-09-15 00:00:00,26.21,69.2,45.91,407.28,0.0
2025-09-15 01:00:00,26.29,70.61,46.08,408.88,0.0
2025-09-15 02:00:00,26.48,70.2,45.95,421.21,0.0
2025-09-15 03:00:00,25.81,69.51,45.86,418.33,0.0
2025-09-15 04:00:00,25.5,70.88,45.64,422.28,0.0
2025-09-15 05:00:00,25.85,67.49,46.03,427.91,0.0
2025-09-15 06:00:00,25.67,71.72,45.6,416.58,0.0
2025-09-15 07:00:00,25.1,69.07,46.27,415.44,0.0
2025-09-15 08:00:00,24.93,70.68,46.07,412.39,0.0
2025-09-15 09:00:00,25.08,70.17,45.6,416.67,0.0
2025-09-15 10:00:00,24.05,70.24,45.94,456.11,0.0
2025-09-15 11:00:00,23.87,72.94,45.8,440.77,0.0
2025-09-15 12:00:00,24.02,71.56,46.12,416.53,0.0
2025-09-15 13:00:00,24.07,72.63,46.42,418.53,0.0
2025-09-15 14:00:00,24.13,72.49,45.45,438.29,0.0
2025-09-15 15:00:00,24.51,73.27,46.05,440.67,0.0
2025-09-15 16:00:00,23.99,73.12,45.96,442.42,0.0
2025-09-15 17:00:00,23.28,72.02,46.21,436.11,0.0
2025-09-15 18:00:00,23.14,74.56,46.07,439.15,0.0
2025-09-15 19:00:00,22.44,73.33,45.78,445.42,0.0
2025-09-15 20:00:00,22.72,72.53,45.91,444.75,0.0
2025-09-15 21:00:00,22.38,73.92,45.76,423.44,0.0
2025-09-15 22:00:00,22.48,76.11,46.32,445.08,0.0
2025-09-15 23:00:00,21.69,75.72,46.01,440.61,0.0
2025-09-16 00:00:00,22.15,74.78,46.57,452.63,26.21
2025-09-16 01:00:00,22.45,75.04,45.98,482.47,78.57
2025-09-16 02:00:00,21.42,75.33,45.79,458.04,130.71
2025-09-16 03:00:00,21.47,77.99,45.55,452.98,182.49
2025-09-16 04:00:00,21.4,76.56,45.46,467.07,233.76
2025-09-16 05:00:00,20.65,76.87,45.53,464.42,284.4
2025-09-16 06:00:00,20.76,77.73,46.09,465.54,334.25
2025-09-16 07:00:00,20.44,77.19,46.16,469.14,383.19
2025-09-16 08:00:00,20.28,76.95,45.54,485.37,431.07
2025-09-16 09:00:00,19.64,77.27,46.28,455.22,477.77
2025-09-16 10:00:00,19.84,77.65,45.87,472.98,523.15
2025-09-16 11:00:00,19.87,77.93,46.07,460.7,567.1
2025-09-16 12:00:00,20.15,78.95,46.51,477.23,609.48
2025-09-16 13:00:00,19.71,78.52,46.3,464.19,650.2
2025-09-16 14:00:00,20.11,79.44,45.96,470.9,689.12
2025-09-16 15:00:00,18.45,78.87,45.77,473.81,726.15
2025-09-16 16:00:00,19.08,79.27,45.4,488.2,761.19
2025-09-16 17:00:00,18.55,77.43,45.84,489.3,794.13
2025-09-16 18:00:00,19.37,80.58,46.0,469.32,824.89
2025-09-16 19:00:00,17.68,80.24,45.77,483.97,853.38
2025-09-16 20:00:00,17.48,81.12,46.03,477.97,879.53
2025-09-16 21:00:00,17.43,77.45,46.1,474.11,903.26
2025-09-16 22:00:00,16.49,82.65,46.02,486.15,924.51
2025-09-16 23:00:00,17.11,80.64,45.9,486.84,943.21
2025-09-17 00:00:00,16.83,82.1,46.15,515.79,959.32
2025-09-17 01:00:00,17.12,80.16,46.24,497.44,972.8
2025-09-17 02:00:00,17.05,82.01,45.79,480.9,983.6
2025-09-17 03:00:00,17.66,80.55,46.55,490.59,991.7
2025-09-17 04:00:00,17.04,81.17,46.11,507.99,997.08
2025-09-17 05:00:00,16.12,83.9,46.15,520.19,999.71
2025-09-17 06:00:00,15.81,81.98,46.37,484.96,999.6
2025-09-17 07:00:00,16.37,82.57,46.24,483.52,996.73
2025-09-17 08:00:00,15.32,83.4,46.46,522.51,991.13
2025-09-17 09:00:00,16.76,83.19,46.28,509.16,982.81
2025-09-17 10:00:00,16.3,83.01,46.02,498.03,971.78
2025-09-17 11:00:00,15.35,83.39,46.32,513.49,958.08
2025-09-17 12:00:00,14.6,85.58,45.88,483.2,941.75
2025-09-17 13:00:00,16.02,83.26,46.27,510.98,922.83
2025-09-17 14:00:00,15.17,83.67,46.24,515.6,901.37
2025-09-17 15:00:00,15.74,84.65,46.2,522.92,877.44
2025-09-17 16:00:00,14.22,84.84,46.24,504.88,851.1
2025-09-17 17:00:00,14.61,85.04,45.72,517.19,822.41
2025-09-17 18:00:00,14.82,84.61,46.14,508.38,791.47
2025-09-17 19:00:00,14.75,82.95,46.34,521.47,758.34
2025-09-17 20:00:00,14.42,85.83,46.38,511.21,723.14
2025-09-17 21:00:00,14.88,83.15,46.04,517.32,685.95
2025-09-17 22:00:00,13.96,84.69,46.74,512.66,646.87
2025-09-17 23:00:00,14.35,83.72,46.12,530.32,606.01
2025-09-18 00:00:00,14.42,84.49,46.68,533.56,563.49
2025-09-18 01:00:00,14.55,84.96,46.53,523.77,519.42
2025-09-18 02:00:00,14.6,85.02,46.23,527.62,473.92
2025-09-18 03:00:00,13.63,85.18,46.97,513.85,427.12
2025-09-18 04:00:00,13.38,86.43,46.1,526.42,379.15
2025-09-18 05:00:00,14.75,85.31,46.75,529.96,330.13
2025-09-18 06:00:00,14.25,84.66,46.79,557.7,280.21
2025-09-18 07:00:00,13.68,85.9,46.31,521.37,229.51
2025-09-18 08:00:00,14.81,86.15,46.94,548.11,178.19
2025-09-18 09:00:00,14.07,83.75,46.47,544.38,126.37
2025-09-18 10:00:00,14.6,85.59,46.65,538.14,74.21
2025-09-18 11:00:00,14.03,85.7,46.66,553.82,21.85
2025-09-18 12:00:00,15.03,84.7,46.56,540.83,0.0
2025-09-18 13:00:00,14.88,86.37,46.86,541.84,0.0
2025-09-18 14:00:00,13.89,84.83,46.87,538.24,0.0
2025-09-18 15:00:00,14.52,85.08,46.13,551.8,0.0
2025-09-18 16:00:00,14.38,84.75,47.06,551.29,0.0
2025-09-18 17:00:00,14.77,84.91,46.19,534.81,0.0
2025-09-18 18:00:00,13.64,83.76,47.02,528.58,0.0
2025-09-18 19:00:00,14.5,83.36,47.07,540.42,0.0
2025-09-18 20:00:00,14.73,86.34,46.43,535.1,0.0
2025-09-18 21:00:00,13.37,83.84,46.65,543.09,0.0
2025-09-18 22:00:00,13.71,83.63,46.46,556.7,0.0
2025-09-18 23:00:00,13.35,82.39,46.75,540.31,0.0
2025-09-19 00:00:00,14.3,83.82,46.74,545.0,0.0
2025-09-19 01:00:00,14.86,83.05,47.09,546.51,0.0
2025-09-19 02:00:00,15.33,85.92,47.27,554.9,0.0
2025-09-19 03:00:00,14.7,85.19,47.32,524.39,0.0
2025-09-19 04:00:00,15.56,83.38,46.76,541.21,0.0
2025-09-19 05:00:00,14.14,86.21,46.88,549.78,0.0
2025-09-19 06:00:00,14.08,84.82,46.46,560.03,0.0
2025-09-19 07:00:00,15.0,83.39,46.75,543.44,0.0
2025-09-19 08:00:00,15.33,81.08,47.3,529.9,0.0
2025-09-19 09:00:00,15.23,85.73,47.52,555.13,0.0
2025-09-19 10:00:00,14.33,81.91,46.69,542.82,0.0
2025-09-19 11:00:00,15.44,81.5,46.91,537.48,0.0
2025-09-19 12:00:00,14.95,84.02,47.1,543.32,0.0
2025-09-19 13:00:00,16.07,85.27,47.21,547.86,0.0
2025-09-19 14:00:00,16.05,84.05,46.91,543.78,0.0
2025-09-19 15:00:00,15.53,83.06,47.3,527.86,0.0
2025-09-19 16:00:00,15.89,82.92,47.06,558.94,0.0
2025-09-19 17:00:00,15.76,82.99,47.22,562.75,0.0
2025-09-19 18:00:00,16.41,82.71,47.41,556.51,0.0
2025-09-19 19:00:00,17.07,82.04,47.28,538.58,0.0
2025-09-19 20:00:00,16.25,81.67,47.17,547.88,0.0
2025-09-19 21:00:00,17.16,81.31,47.29,549.73,0.0
2025-09-19 22:00:00,16.8,80.41,47.32,555.66,0.0
2025-09-19 23:00:00,16.84,80.67,47.26,556.2,0.0
2025-09-20 00:00:00,17.35,79.05,47.32,541.99,0.0
2025-09-20 01:00:00,17.06,80.43,47.9,549.93,0.0
2025-09-20 02:00:00,17.48,79.32,47.62,553.44,0.0
2025-09-20 03:00:00,17.34,78.98,47.38,563.15,0.0
2025-09-20 04:00:00,19.1,80.03,47.71,555.33,0.0
2025-09-20 05:00:00,18.32,81.02,47.42,555.83,0.0
2025-09-20 06:00:00,18.14,80.31,47.9,548.41,0.0
2025-09-20 07:00:00,18.79,77.58,47.69,561.28,0.0
2025-09-20 08:00:00,18.81,77.92,47.57,550.85,0.0
2025-09-20 09:00:00,18.95,79.61,47.76,537.68,0.0
2025-09-20 10:00:00,19.57,77.44,47.18,559.84,0.0
2025-09-20 11:00:00,19.84,77.95,47.34,552.27,0.0
2025-09-20 12:00:00,19.39,78.48,47.35,540.32,0.0
2025-09-20 13:00:00,19.57,76.71,47.77,539.38,0.0
2025-09-20 14:00:00,19.92,77.53,48.28,546.54,0.0
2025-09-20 15:00:00,19.12,75.83,48.45,547.57,0.0
2025-09-20 16:00:00,19.71,76.31,48.0,544.26,0.0
2025-09-20 17:00:00,21.36,76.97,47.98,544.71,0.0
2025-09-20 18:00:00,21.71,74.8,47.32,557.88,0.0
2025-09-20 19:00:00,20.97,76.57,47.72,550.85,0.0
2025-09-20 20:00:00,21.59,75.85,47.68,541.27,0.0
2025-09-20 21:00:00,21.67,76.16,47.75,547.98,0.0
2025-09-20 22:00:00,23.26,75.57,47.91,527.42,0.0
2025-09-20 23:00:00,22.49,76.45,47.85,540.87,0.0
2025-09-21 00:00:00,22.08,74.95,47.42,554.11,34.95
2025-09-21 01:00:00,21.87,74.13,48.27,532.93,87.28
2025-09-21 02:00:00,21.76,74.42,47.75,525.7,139.37
2025-09-21 03:00:00,22.87,74.58,48.17,526.7,191.07
2025-09-21 04:00:00,22.6,73.83,48.74,521.34,242.25
2025-09-21 05:00:00,22.47,73.56,47.87,523.39,292.77
2025-09-21 06:00:00,23.07,72.56,47.42,526.5,342.48
2025-09-21 07:00:00,23.06,72.34,48.11,515.09,391.24
2025-09-21 08:00:00,24.65,71.34,48.56,528.22,438.94
2025-09-21 09:00:00,24.45,74.24,48.84,535.98,485.43
2025-09-21 10:00:00,24.2,71.0,47.91,516.76,530.58
2025-09-21 11:00:00,25.15,71.3,48.45,539.88,574.27
2025-09-21 12:00:00,24.65,71.02,48.19,528.62,616.39
2025-09-21 13:00:00,24.37,72.39,48.32,532.62,656.81
2025-09-21 14:00:00,25.76,70.95,49.18,514.52,695.43
2025-09-21 15:00:00,25.46,72.26,47.96,528.4,732.13
2025-09-21 16:00:00,24.87,70.09,48.51,507.68,766.82
2025-09-21 17:00:00,25.48,70.81,48.6,526.22,799.41
2025-09-21 18:00:00,25.32,69.46,48.81,517.73,829.8
2025-09-21 19:00:00,25.25,72.21,48.54,520.22,857.9
2025-09-21 20:00:00,26.59,68.66,48.63,501.59,883.65
2025-09-21 21:00:00,27.26,69.93,48.44,503.03,906.97
2025-09-21 22:00:00,25.78,70.04,48.67,516.57,927.8
2025-09-21 23:00:00,26.93,69.6,48.51,499.72,946.08
2025-09-22 00:00:00,26.49,68.79,48.82,512.42,961.76
2025-09-22 01:00:00,26.74,68.64,48.55,492.68,974.79
2025-09-22 02:00:00,26.85,68.61,48.8,513.38,985.14
2025-09-22 03:00:00,26.87,68.22,48.7,491.1,992.79
2025-09-22 04:00:00,27.49,69.14,49.07,507.47,997.71
2025-09-22 05:00:00,27.2,70.19,48.74,506.7,999.88
2025-09-22 06:00:00,27.9,67.24,48.25,491.96,999.31
2025-09-22 07:00:00,27.88,66.25,49.19,503.21,995.99
2025-09-22 08:00:00,27.92,67.36,48.56,498.45,989.93
2025-09-22 09:00:00,27.73,69.86,48.66,488.9,981.16
2025-09-22 10:00:00,28.02,66.31,48.7,482.63,969.68
2025-09-22 11:00:00,28.81,68.59,49.31,471.5,955.54
2025-09-22 12:00:00,28.81,68.48,48.28,493.02,938.78
2025-09-22 13:00:00,28.19,66.1,49.89,472.27,919.43
2025-09-22 14:00:00,28.84,67.08,49.29,487.25,897.56
2025-09-22 15:00:00,29.27,68.0,49.06,482.02,873.22
2025-09-22 16:00:00,28.17,65.87,49.0,489.8,846.48
2025-09-22 17:00:00,29.37,65.92,49.12,478.34,817.41
2025-09-22 18:00:00,28.86,65.42,49.22,476.4,786.09
2025-09-22 19:00:00,29.57,64.88,49.28,485.34,752.62
2025-09-22 20:00:00,28.99,65.14,49.27,479.69,717.08
2025-09-22 21:00:00,28.55,64.47,49.15,477.81,679.56
2025-09-22 22:00:00,28.71,65.63,49.09,477.64,640.18
2025-09-22 23:00:00,29.62,64.74,49.12,455.89,599.04
2025-09-23 00:00:00,29.78,65.67,49.13,477.1,556.25
2025-09-23 01:00:00,29.26,63.8,49.55,473.94,511.93
2025-09-23 02:00:00,30.09,65.62,49.41,455.93,466.21
2025-09-23 03:00:00,28.98,66.07,48.37,461.93,419.21
2025-09-23 04:00:00,29.82,63.19,49.47,462.24,371.05
2025-09-23 05:00:00,29.29,65.51,49.35,459.56,321.87
2025-09-23 06:00:00,29.6,66.32,49.31,462.5,271.81
2025-09-23 07:00:00,29.97,63.85,49.22,471.73,221.0
2025-09-23 08:00:00,29.54,66.71,49.69,466.49,169.58
2025-09-23 09:00:00,29.79,65.44,49.66,440.81,117.7
2025-09-23 10:00:00,30.5,64.3,49.16,458.41,65.49
2025-09-23 11:00:00,29.71,64.94,49.53,463.73,13.11
2025-09-23 12:00:00,30.42,65.56,49.14,452.56,0.0
2025-09-23 13:00:00,29.43,65.09,49.03,457.85,0.0
2025-09-23 14:00:00,30.24,65.56,49.28,465.32,0.0
2025-09-23 15:00:00,30.68,64.13,49.74,453.69,0.0
2025-09-23 16:00:00,28.7,65.25,49.79,444.2,0.0
2025-09-23 17:00:00,29.51,63.7,49.67,450.42,0.0
2025-09-23 18:00:00,30.16,65.04,49.75,439.68,0.0
2025-09-23 19:00:00,29.73,64.3,49.71,436.74,0.0
2025-09-23 20:00:00,29.98,64.53,49.37,431.25,0.0
2025-09-23 21:00:00,29.44,66.56,49.71,448.68,0.0
2025-09-23 22:00:00,29.73,66.49,49.84,423.14,0.0
2025-09-23 23:00:00,29.55,66.08,49.84,444.93,0.0
2025-09-24 00:00:00,30.14,64.46,49.99,432.9,0.0
2025-09-24 01:00:00,29.61,65.33,49.86,412.21,0.0
2025-09-24 02:00:00,29.58,66.95,49.77,428.18,0.0
2025-09-24 03:00:00,29.12,65.98,50.0,401.82,0.0
2025-09-24 04:00:00,29.0,68.27,49.68,427.4,0.0
2025-09-24 05:00:00,28.93,66.46,49.44,428.32,0.0
2025-09-24 06:00:00,29.25,66.38,49.67,411.89,0.0
2025-09-24 07:00:00,28.74,66.0,49.51,417.4,0.0
2025-09-24 08:00:00,28.99,66.58,49.54,434.07,0.0
2025-09-24 09:00:00,29.77,66.43,49.71,407.84,0.0
2025-09-24 10:00:00,29.05,67.43,49.53,400.69,0.0
2025-09-24 11:00:00,28.34,67.83,49.69,424.49,0.0
2025-09-24 12:00:00,28.97,66.25,49.22,427.71,0.0
2025-09-24 13:00:00,28.04,65.86,49.87,406.54,0.0
2025-09-24 14:00:00,27.09,65.52,49.81,415.05,0.0
2025-09-24 15:00:00,27.47,68.04,49.58,416.79,0.0
2025-09-24 16:00:00,26.9,66.61,50.03,394.42,0.0
2025-09-24 17:00:00,27.51,65.74,50.13,395.46,0.0
2025-09-24 18:00:00,27.55,68.47,49.37,411.12,0.0
2025-09-24 19:00:00,28.22,70.76,49.64,414.16,0.0
2025-09-24 20:00:00,27.39,68.46,49.64,401.46,0.0
2025-09-24 21:00:00,26.96,69.5,49.6,385.58,0.0
2025-09-24 22:00:00,27.32,68.95,50.14,412.8,0.0
2025-09-24 23:00:00,25.63,68.98,49.84,386.19,0.0
2025-09-25 00:00:00,26.68,70.21,49.83,386.74,0.0
2025-09-25 01:00:00,26.78,69.22,49.32,392.13,0.0
2025-09-25 02:00:00,25.48,70.0,50.11,402.88,0.0
2025-09-25 03:00:00,26.61,70.28,49.56,394.52,0.0
2025-09-25 04:00:00,26.02,69.52,49.96,388.8,0.0
2025-09-25 05:00:00,25.46,71.41,50.03,387.97,0.0
2025-09-25 06:00:00,25.8,70.47,50.36,382.48,0.0
2025-09-25 07:00:00,26.43,70.13,49.56,386.35,0.0
2025-09-25 08:00:00,25.19,71.66,49.05,354.23,0.0
2025-09-25 09:00:00,25.03,70.47,50.02,375.33,0.0
2025-09-25 10:00:00,24.48,71.64,50.51,379.5,0.0
2025-09-25 11:00:00,24.08,71.86,50.35,364.39,0.0
2025-09-25 12:00:00,24.72,73.2,50.04,378.6,0.0
2025-09-25 13:00:00,23.68,72.84,49.83,371.55,0.0
2025-09-25 14:00:00,23.94,72.59,50.23,390.04,0.0
2025-09-25 15:00:00,23.46,73.69,49.7,387.12,0.0
2025-09-25 16:00:00,23.73,74.52,50.13,365.66,0.0
2025-09-25 17:00:00,23.45,73.95,50.15,367.77,0.0
2025-09-25 18:00:00,23.6,73.66,50.31,367.52,0.0
2025-09-25 19:00:00,22.62,72.6,50.82,362.75,0.0
2025-09-25 20:00:00,22.53,73.11,50.12,368.25,0.0
2025-09-25 21:00:00,21.96,74.13,49.85,357.77,0.0
2025-09-25 22:00:00,22.02,74.08,49.99,353.13,0.0
2025-09-25 23:00:00,22.22,74.77,49.47,369.77,0.0
2025-09-26 00:00:00,22.2,75.28,49.79,368.97,43.68
2025-09-26 01:00:00,21.15,76.01,49.88,353.8,95.98
2025-09-26 02:00:00,21.84,75.67,49.84,369.98,148.01
2025-09-26 03:00:00,21.88,76.49,50.04,353.93,199.64
2025-09-26 04:00:00,21.2,76.33,49.75,362.02,250.72
2025-09-26 05:00:00,21.72,74.55,50.33,366.96,301.11
2025-09-26 06:00:00,20.19,75.84,49.99,357.72,350.67
2025-09-26 07:00:00,19.75,76.9,49.99,361.93,399.27
2025-09-26 08:00:00,19.27,76.09,49.89,351.57,446.77
2025-09-26 09:00:00,20.71,78.15,50.03,354.16,493.05
2025-09-26 10:00:00,20.09,79.33,50.23,353.48,537.96
2025-09-26 11:00:00,19.53,79.27,49.72,347.51,581.4
2025-09-26 12:00:00,19.5,78.09,49.77,352.68,623.25
2025-09-26 13:00:00,18.6,80.04,49.88,338.46,663.37
2025-09-26 14:00:00,20.19,78.94,49.56,348.56,701.68
2025-09-26 15:00:00,18.84,78.7,49.71,350.18,738.06
2025-09-26 16:00:00,18.64,78.66,49.81,350.06,772.4
2025-09-26 17:00:00,18.76,79.2,50.21,349.82,804.63
2025-09-26 18:00:00,18.45,79.35,50.02,351.27,834.64
2025-09-26 19:00:00,18.14,80.14,49.99,356.36,862.36
2025-09-26 20:00:00,17.45,80.35,50.18,360.01,887.71
2025-09-26 21:00:00,17.9,80.42,49.88,344.51,910.62
2025-09-26 22:00:00,18.43,81.07,50.03,338.74,931.03
2025-09-26 23:00:00,17.99,82.04,49.87,340.15,948.87
2025-09-27 00:00:00,17.95,82.01,49.97,345.53,964.11
2025-09-27 01:00:00,16.73,79.78,49.71,346.74,976.7
2025-09-27 02:00:00,16.33,78.91,49.15,342.45,986.61
2025-09-27 03:00:00,16.6,82.6,49.83,337.11,993.8
2025-09-27 04:00:00,16.54,80.49,50.29,345.46,998.26
2025-09-27 05:00:00,16.91,81.82,50.13,351.81,999.98
2025-09-27 06:00:00,15.37,81.06,50.13,355.96,998.95
2025-09-27 07:00:00,16.84,80.61,50.2,344.48,995.17
2025-09-27 08:00:00,15.85,83.12,49.84,346.0,988.66
2025-09-27 09:00:00,15.59,83.51,49.87,340.96,979.43
2025-09-27 10:00:00,15.16,82.34,49.61,350.05,967.51
2025-09-27 11:00:00,14.71,80.48,49.69,342.04,952.93
2025-09-27 12:00:00,15.83,82.68,49.96,356.45,935.73
2025-09-27 13:00:00,15.34,83.76,50.12,333.09,915.96
2025-09-27 14:00:00,14.55,82.03,49.7,347.6,893.67
2025-09-27 15:00:00,14.44,83.83,49.6,354.5,868.92
2025-09-27 16:00:00,14.81,83.76,49.72,353.64,841.79
2025-09-27 17:00:00,15.72,84.48,49.89,379.08,812.34
2025-09-27 18:00:00,14.66,84.13,49.26,356.02,780.66
2025-09-27 19:00:00,13.95,83.15,48.99,342.89,746.84
2025-09-27 20:00:00,14.49,85.42,49.5,352.41,710.96
2025-09-27 21:00:00,14.4,84.17,49.28,336.06,673.13
2025-09-27 22:00:00,13.12,84.39,49.48,353.51,633.44
2025-09-27 23:00:00,14.37,83.57,49.58,346.51,592.02
2025-09-28 00:00:00,14.22,84.14,49.47,364.55,548.97
2025-09-28 01:00:00,14.63,83.77,50.02,350.48,504.41
2025-09-28 02:00:00,15.15,84.54,49.67,355.41,458.46
2025-09-28 03:00:00,14.74,86.49,49.65,350.86,411.26
2025-09-28 04:00:00,14.0,83.46,49.73,375.27,362.92
2025-09-28 05:00:00,13.55,83.26,49.18,355.37,313.58
2025-09-28 06:00:00,15.36,86.38,49.82,377.63,263.39
2025-09-28 07:00:00,14.08,84.73,49.47,368.19,212.47
2025-09-28 08:00:00,14.03,84.3,49.67,365.65,160.96
2025-09-28 09:00:00,14.0,86.02,49.13,365.32,109.02
2025-09-28 10:00:00,14.1,84.39,48.97,366.4,56.77
2025-09-28 11:00:00,13.93,86.83,49.66,344.05,4.37
2025-09-28 12:00:00,13.72,85.68,49.51,361.42,0.0
2025-09-28 13:00:00,13.74,84.5,49.11,373.57,0.0
2025-09-28 14:00:00,14.01,87.13,49.1,365.57,0.0
2025-09-28 15:00:00,13.77,84.34,49.68,352.97,0.0
2025-09-28 16:00:00,13.71,85.66,48.96,367.48,0.0
2025-09-28 17:00:00,14.15,85.18,49.79,386.06,0.0
2025-09-28 18:00:00,14.0,86.14,49.01,382.53,0.0
2025-09-28 19:00:00,14.92,86.35,49.45,370.5,0.0
2025-09-28 20:00:00,12.89,84.76,49.14,381.72,0.0
2025-09-28 21:00:00,14.81,83.91,49.4,369.65,0.0
2025-09-28 22:00:00,14.95,85.05,49.03,357.41,0.0
2025-09-28 23:00:00,13.35,83.84,49.13,366.36,0.0
2025-09-29 00:00:00,14.28,86.45,49.17,392.42,0.0
2025-09-29 01:00:00,14.34,84.48,48.83,375.25,0.0
2025-09-29 02:00:00,13.9,83.88,49.33,376.78,0.0
2025-09-29 03:00:00,14.3,84.33,48.94,377.46,0.0
2025-09-29 04:00:00,14.22,82.69,49.0,400.77,0.0
2025-09-29 05:00:00,15.74,82.95,48.75,399.27,0.0
2025-09-29 06:00:00,15.43,85.0,48.26,406.51,0.0
2025-09-29 07:00:00,15.7,83.01,48.94,384.06,0.0
2025-09-29 08:00:00,15.53,82.49,49.7,389.95,0.0
2025-09-29 09:00:00,14.72,83.93,49.19,373.19,0.0
2025-09-29 10:00:00,15.14,84.43,48.93,404.52,0.0
2025-09-29 11:00:00,15.77,83.82,48.83,379.47,0.0
2025-09-29 12:00:00,15.04,83.94,48.89,394.74,0.0
2025-09-29 13:00:00,16.13,82.02,49.03,383.04,0.0
2025-09-29 14:00:00,15.79,81.19,48.48,389.58,0.0
2025-09-29 15:00:00,15.86,83.94,49.15,388.57,0.0
2025-09-29 16:00:00,16.55,81.94,49.01,392.35,0.0
2025-09-29 17:00:00,16.56,81.83,48.98,394.55,0.0
2025-09-29 18:00:00,16.31,83.22,48.87,395.97,0.0
2025-09-29 19:00:00,17.22,82.26,48.72,411.33,0.0
2025-09-29 20:00:00,16.26,81.96,48.9,393.49,0.0
2025-09-29 21:00:00,17.27,83.47,48.85,408.31,0.0
2025-09-29 22:00:00,17.42,80.45,48.54,419.86,0.0
2025-09-29 23:00:00,17.14,81.81,48.45,404.14,0.0
2025-09-30 00:00:00,17.63,80.73,48.62,403.7,0.0
2025-09-30 01:00:00,17.01,80.72,49.03,410.18,0.0
2025-09-30 02:00:00,18.28,81.76,48.17,425.91,0.0
2025-09-30 03:00:00,17.9,80.51,48.08,417.69,0.0
2025-09-30 04:00:00,17.92,80.32,48.54,412.09,0.0
2025-09-30 05:00:00,18.89,80.62,48.48,423.9,0.0
2025-09-30 06:00:00,18.2,78.95,48.49,409.7,0.0
2025-09-30 07:00:00,18.04,78.23,48.49,429.21,0.0
2025-09-30 08:00:00,18.16,77.79,48.32,428.17,0.0
2025-09-30 09:00:00,19.43,76.62,48.81,422.7,0.0
2025-09-30 10:00:00,18.69,80.4,47.86,419.09,0.0
2025-09-30 11:00:00,20.4,76.99,48.06,420.31,0.0
2025-09-30 12:00:00,18.68,77.62,48.26,436.24,0.0
2025-09-30 13:00:00,20.77,77.31,47.77,444.9,0.0
2025-09-30 14:00:00,20.24,77.65,48.18,427.96,0.0
2025-09-30 15:00:00,20.29,77.9,48.71,440.65,0.0
2025-09-30 16:00:00,20.27,77.69,48.19,416.93,0.0
2025-09-30 17:00:00,20.95,75.98,48.23,433.69,0.0
2025-09-30 18:00:00,20.94,76.14,47.75,440.96,0.0
2025-09-30 19:00:00,21.71,76.33,47.92,433.92,0.0
2025-09-30 20:00:00,21.43,75.54,47.97,435.39,0.0
2025-09-30 21:00:00,21.66,77.13,47.96,439.83,0.0
2025-09-30 22:00:00,21.61,75.75,48.41,451.17,0.0
2025-09-30 23:00:00,21.97,75.73,48.17,448.13,0.0
